{
"threatStates": [
[
0.39721638010108495,
0.9073160772356671,
0.31610132148085845,
0.5578735004608478,
0.3461525988221449,
0.44498101363238407,
0.21894731993845218
],
[
0.7189283888543289,
0.48319678329584226,
0.054461537052641895,
0.756641854922041,
0.37671321792103074,
0.3265897572492994,
0.5055982393863597
],
[
0.1304871386873312,
0.31076908072933207,
0.38859306369433355,
0.2264863799834652,
0.41367433747230276,
0.1159941469470015,
0.4565718584007519
],
[
0.80072056688112,
0.8761704289320592,
0.10002659168916617,
0.7056827159471383,
0.5550085701276523,
0.5447883997367046,
0.2901631703990538
],
[
0.8068579639070379,
0.36649462049664516,
0.8047678207066707,
0.8090274767981593,
0.05568653158170489,
0.7218305325409663,
0.38892289997906493
],
[
0.4025237007351474,
0.05234104883862045,
0.3251929505397777,
0.32480612044394763,
0.9906875931845077,
0.04646808392325574,
0.46356335617536937
],
[
0.24744399963642294,
0.03941987041014361,
0.08798325983009714,
0.7445355994754965,
0.1281524171787628,
0.11588004899251159,
0.37871524120568334
],
[
0.39999196506056034,
0.08944693132868708,
0.11222777333618661,
0.4156240250723702,
0.06589736776622879,
0.7537602239918694,
0.33518907555138977
],
[
0.1746220515912147,
0.5804121906465222,
0.6855611573204248,
0.6957016392244183,
0.25451791704019133,
0.8438415158763305,
0.8202138178866658
],
[
0.5858053808860688,
0.28959483822465004,
0.9975748518622788,
0.3011036130970265,
0.08500777412538407,
0.8806733536272583,
0.7580614969290116
]
],
"truthStates": [
[
0.2493585684687406,
0.027029669909340526,
0.5100838481037032,
0.10110581197082091,
0.08099418739102027,
0.5619433966455231,
0.23606024656064972
],
[
0.08761581137204844,
0.049119132495497375,
0.14680023969070688,
0.7462984684782108,
0.23656169784404435,
0.5264960119785247,
0.9570714945512376
],
[
0.45792597570502835,
0.3693545913872279,
0.863245491788465,
0.24385213478399803,
0.5759485515133864,
0.6520218284737473,
0.26661087848836373
],
[
0.6483618263369493,
0.6386671945957516,
0.02967243916505069,
0.40797788869563856,
0.14946444411474524,
0.18058450719099184,
0.7394674200048003
],
[
0.4747635738438455,
0.9666511351905867,
0.9040750437261736,
0.8323083770276799,
0.35379928472447075,
0.9956215915070248,
0.20330430877197436
],
[
0.2207697628792067,
0.29496740843644287,
0.6977337119172597,
0.4290126240172467,
0.14906630351029437,
0.10446975639751421,
0.09264911490540129
],
[
0.4852374627179117,
0.9555737976349669,
0.15479109133578806,
0.4313024153973838,
0.004311703336702055,
0.47353244351502355,
0.37321418539307694
],
[
0.7414215028774883,
0.05372955273774538,
0.9733398919893733,
0.7166702889508934,
0.8348556727509359,
0.9705206545048685,
0.06822251477648411
],
[
0.37228747943516194,
0.38950574611183497,
0.7148121380454058,
0.2888493895563573,
0.2523082496245228,
0.8640519006420961,
0.7495277284146645
],
[
0.9966734731589905,
0.6139188529149621,
0.9696563707456243,
0.8777900178039708,
0.18137463689675792,
0.1526333108573118,
0.5801885158220818
],
[
0.17049111169176734,
0.38857956584602893,
0.4235256535757115,
0.5127376546872416,
0.4559908430828121,
0.053067188473985505,
0.6781689872319504
],
[
0.08243558744804236,
0.3152850067257177,
0.18699922918089196,
0.857277833428651,
0.9794311640413229,
0.4384991191592398,
0.10070303165148209
]
],
"thtRadius": 0.5,
"cvState": [
0.9299927356737844,
0.3244412348267013,
0.3967965478020482,
0.5581842891648165,
0.3333860858549942,
0.6905273393821286,
0.510084323544122
]
}