{
"controlFlags": {
"kvsDispensed": false,
"exceptionCounter": 0,
"buildTom": false,
"correlateMeasurements": false,
"correlateTOM": true,
"lastAssign": false,
"irThreatsTracked": false,
"kvsDeployed": false,
"terminateSim": true,
"tomRecvd": true,
"runSim": true,
"computeLethality": false
},
"dataStore": {
"onboardThreatsCov": [
[
[
59609.154884489966,
0.0,
0.0,
0.0,
0.0,
0.0
],
[
0.0,
33947.05818712217,
0.0,
0.0,
0.0,
0.0
],
[
0.0,
0.0,
30542.01102395515,
0.0,
0.0,
0.0
],
[
0.0,
0.0,
0.0,
0.03412307468774555,
0.0,
0.0
],
[
0.0,
0.0,
0.0,
0.0,
0.08290511027368948,
0.0
],
[
0.0,
0.0,
0.0,
0.0,
0.0,
0.14847634126164844
]
],
[
[
56377.1426679167,
0.0,
0.0,
0.0,
0.0,
0.0
],
[
0.0,
33411.29983737865,
0.0,
0.0,
0.0,
0.0
],
[
0.0,
0.0,
27361.829600289668,
0.0,
0.0,
0.0
],
[
0.0,
0.0,
0.0,
0.15989362364557336,
0.0,
0.0
],
[
0.0,
0.0,
0.0,
0.0,
0.30548423135529684,
0.0
],
[
0.0,
0.0,
0.0,
0.0,
0.0,
0.2807027404426849
]
],
[
[
58064.38650107263,
0.0,
0.0,
0.0,
0.0,
0.0
],
[
0.0,
33327.069749062604,
0.0,
0.0,
0.0,
0.0
],
[
0.0,
0.0,
26770.283747503545,
0.0,
0.0,
0.0
],
[
0.0,
0.0,
0.0,
0.058456905028894064,
0.0,
0.0
],
[
0.0,
0.0,
0.0,
0.0,
0.32577210863813405,
0.0
],
[
0.0,
0.0,
0.0,
0.0,
0.0,
0.037162802812958126
]
],
[
[
56495.57224306088,
0.0,
0.0,
0.0,
0.0,
0.0
],
[
0.0,
34131.77523279483,
0.0,
0.0,
0.0,
0.0
],
[
0.0,
0.0,
29954.415521242972,
0.0,
0.0,
0.0
],
[
0.0,
0.0,
0.0,
0.2710947766155031,
0.0,
0.0
],
[
0.0,
0.0,
0.0,
0.0,
0.33663595060314555,
0.0
],
[
0.0,
0.0,
0.0,
0.0,
0.0,
0.06522477010362245
]
],
[
[
55714.22626531929,
0.0,
0.0,
0.0,
0.0,
0.0
],
[
0.0,
37284.88585949171,
0.0,
0.0,
0.0,
0.0
],
[
0.0,
0.0,
27741.11581707623,
0.0,
0.0,
0.0
],
[
0.0,
0.0,
0.0,
0.2962928427370719,
0.0,
0.0
],
[
0.0,
0.0,
0.0,
0.0,
0.32584869692681595,
0.0
],
[
0.0,
0.0,
0.0,
0.0,
0.0,
0.1280837995273483
]
],
[
[
56960.251883443045,
0.0,
0.0,
0.0,
0.0,
0.0
],
[
0.0,
36880.83138060789,
0.0,
0.0,
0.0,
0.0
],
[
0.0,
0.0,
30574.440270001516,
0.0,
0.0,
0.0
],
[
0.0,
0.0,
0.0,
0.08801262550964037,
0.0,
0.0
],
[
0.0,
0.0,
0.0,
0.0,
0.009680373117267549,
0.0
],
[
0.0,
0.0,
0.0,
0.0,
0.0,
0.5519313793072462
]
],
[
[
61393.78976693503,
0.0,
0.0,
0.0,
0.0,
0.0
],
[
0.0,
33803.44971793163,
0.0,
0.0,
0.0,
0.0
],
[
0.0,
0.0,
28088.552026956262,
0.0,
0.0,
0.0
],
[
0.0,
0.0,
0.0,
0.2798359097674878,
0.0,
0.0
],
[
0.0,
0.0,
0.0,
0.0,
0.09255323581530109,
0.0
],
[
0.0,
0.0,
0.0,
0.0,
0.0,
0.06336203561793327
]
]
],
"tPOCA": 3.0151441635441314,
"onboardThreatsIds": [
5,
6,
1,
4,
9,
3,
0
],
"tomStates": [
[
4.870092374001718e+38,
1.089058939009154e+38,
7.7402896057683e+38,
2.426978791131654e+36,
5.427254227687653e+35,
3.8573228462875205e+36,
201.0,
0.23260975927129887,
7.0
],
[
7.85962405017531e+38,
1.2521029448068746e+38,
1.5407984967677625e+39,
3.9176421838921943e+36,
6.2411271651593455e+35,
7.68013474593939e+36,
201.0,
0.7315300206334593,
6.0
],
[
4.421547365682078e+37,
4.838178324379603e+37,
2.8655512764079555e+37,
2.2029549554147346e+35,
2.410533707445757e+35,
1.4277084387173478e+35,
201.0,
0.26825600956882806,
3.0
],
[
1.4107591371959103e+38,
9.481810397123547e+37,
5.42598597159976e+37,
7.036401597245688e+35,
4.729214517998607e+35,
2.7063030580691143e+35,
201.0,
0.22508116527340236,
1.0
],
[
-6.313250372485057e+36,
-2.0984107442800104e+37,
5.296820624781897e+37,
-3.1537901907661903e+34,
-1.0482630575532623e+35,
2.6460316852709156e+35,
201.0,
0.293270274045456,
8.0
]
],
"aClose": 2.671756969429481,
"pLethalOnboard": [
0.0016161864812965032,
0.017346415960123172,
0.0026410167780942,
0.018567017717623972,
0.003639249117326252,
0.002116352658937663,
0.01759981312088211,
0.020189336262201995,
0.02318610884652249,
0.024819382013187105
],
"thtRadius": 0.5,
"tomIds": [
7,
6,
3,
1,
8
],
"tomCov": [
[
[
306699.3670368045,
0.0,
0.0,
0.0,
0.0,
0.0
],
[
0.0,
52746.45951966963,
0.0,
0.0,
0.0,
0.0
],
[
0.0,
0.0,
850635.6202509939,
0.0,
0.0,
0.0
],
[
0.0,
0.0,
0.0,
0.06527024839976604,
0.0,
0.0
],
[
0.0,
0.0,
0.0,
0.0,
4.2206498358895645,
0.0
],
[
0.0,
0.0,
0.0,
0.0,
0.0,
4.084898344804702
]
],
[
[
277717.3785513032,
0.0,
0.0,
0.0,
0.0,
0.0
],
[
0.0,
46630.09809287699,
0.0,
0.0,
0.0,
0.0
],
[
0.0,
0.0,
1983428.786176736,
0.0,
0.0,
0.0
],
[
0.0,
0.0,
0.0,
1.515717967837212e-05,
0.0,
0.0
],
[
0.0,
0.0,
0.0,
0.0,
1.616776673069503,
0.0
],
[
0.0,
0.0,
0.0,
0.0,
0.0,
4.369362490632377
]
],
[
[
394014.79528798896,
0.0,
0.0,
0.0,
0.0,
0.0
],
[
0.0,
701.2678395797835,
0.0,
0.0,
0.0,
0.0
],
[
0.0,
0.0,
1563573.6954399848,
0.0,
0.0,
0.0
],
[
0.0,
0.0,
0.0,
0.16620547824000087,
0.0,
0.0
],
[
0.0,
0.0,
0.0,
0.0,
2.238021439293235,
0.0
],
[
0.0,
0.0,
0.0,
0.0,
0.0,
4.776844071146563
]
],
[
[
407349.0238983902,
0.0,
0.0,
0.0,
0.0,
0.0
],
[
0.0,
96417.0445938235,
0.0,
0.0,
0.0,
0.0
],
[
0.0,
0.0,
1815331.5757966167,
0.0,
0.0,
0.0
],
[
0.0,
0.0,
0.0,
0.003325699349766926,
0.0,
0.0
],
[
0.0,
0.0,
0.0,
0.0,
4.477969978119064,
0.0
],
[
0.0,
0.0,
0.0,
0.0,
0.0,
6.0042309828533735
]
],
[
[
298517.00232851336,
0.0,
0.0,
0.0,
0.0,
0.0
],
[
0.0,
279707.8488137663,
0.0,
0.0,
0.0,
0.0
],
[
0.0,
0.0,
1027546.5639332824,
0.0,
0.0,
0.0
],
[
0.0,
0.0,
0.0,
0.26974217114610877,
0.0,
0.0
],
[
0.0,
0.0,
0.0,
0.0,
2.5655372737055813,
0.0
],
[
0.0,
0.0,
0.0,
0.0,
0.0,
5.382241883082222
]
]
],
"tCurr": 241.0,
"threatStates": [
[
-7.350056599371223e+36,
-1.6788886315582528e+37,
-8.043407354689941e+37,
1.2457730145649578e+35,
2.8455743574738958e+35,
1.363289397083445e+36,
-58.78105268006152
],
[
-4.1514768582878413e+37,
-2.7902365243330237e+37,
-1.5967189587658836e+37,
7.036401597245688e+35,
4.729214517998607e+35,
2.7063030580691143e+35,
-58.49440176061364
],
[
2.192787783616026e+38,
5.222358581817161e+38,
-6.235205965950133e+38,
-3.7165897193847744e+36,
-8.851455686974064e+36,
1.0568144560461309e+37,
-58.543428141599236
],
[
-1.2997433544551405e+37,
-1.4222148339503014e+37,
-8.423479801873093e+36,
2.2029549554147346e+35,
2.410533707445757e+35,
1.4277084387173478e+35,
-58.70983682960093
],
[
1.2714595542112198e+37,
5.775280555252971e+36,
-7.69519261716256e+36,
-2.1550161005241828e+35,
-9.788611061448567e+34,
1.304270025303286e+35,
-58.61107710002091
],
[
-6.21703130967265e+36,
-8.084135210641323e+35,
-1.1472133400080043e+38,
1.0537340863039548e+35,
1.370191320425636e+34,
1.944429387984556e+36,
-58.53643664382463
],
[
-2.3114089198980955e+38,
-3.6822650815480795e+37,
-4.53127953093679e+38,
3.9176421838921943e+36,
6.2411271651593455e+35,
7.68013474593939e+36,
-58.62128475879433
],
[
-1.4319175151667564e+38,
-3.2020800386227465e+37,
-2.2758204697897542e+38,
2.426978791131654e+36,
5.427254227687653e+35,
3.8573228462875205e+36,
-58.6648109244486
],
[
1.8607363005752126e+36,
6.184752069126198e+36,
-1.5611586394142329e+37,
-3.1537901907661903e+34,
-1.0482630575532623e+35,
2.6460316852709156e+35,
-58.17978618211333
],
[
9.522726685431918e+36,
4.7075907222477546e+36,
6.89712782293001e+36,
-1.61402195123292e+35,
-7.978968592784586e+34,
-1.1690049699667874e+35,
-58.24193850307097
]
],
"cvState": [
3182914059.736319,
857739197.8052415,
5721644309.810193,
13207112.271702416,
3559083.805491512,
23741262.684770375,
241.5100843235441
],
"cvFuel": -27399279.289158937,
"pLethalGround": [
0.28761370776812234,
0.22508116527340236,
0.21746858056637702,
0.26825600956882806,
0.19166541957326536,
0.24093148334060976,
0.7315300206334593,
0.23260975927129887,
0.293270274045456,
0.3269408870395119
],
"rPOCA": [
-8.583381472699031e+35,
-7.351555836517655e+35,
7.158634066185699e+36
],
"tankID": 7,
"tFinal": 301.0,
"rvID": 6,
"vClose": 12931.706271191015,