{
"controlFlags": {
"kvsDispensed": false,
"exceptionCounter": 0,
"buildTom": false,
"correlateMeasurements": false,
"correlateTOM": true,
"lastAssign": false,
"irThreatsTracked": false,
"kvsDeployed": false,
"terminateSim": true,
"tomRecvd": true,
"runSim": true,
"computeLethality": false
},
"dataStore": {
"onboardThreatsCov": [
[
[
74060.80461419816,
0.0,
0.0,
0.0,
0.0,
0.0
],
[
0.0,
55416.07753932093,
0.0,
0.0,
0.0,
0.0
],
[
0.0,
0.0,
14554.478466113067,
0.0,
0.0,
0.0
],
[
0.0,
0.0,
0.0,
0.1784720958257028,
0.0,
0.0
],
[
0.0,
0.0,
0.0,
0.0,
0.8939033927939251,
0.0
],
[
0.0,
0.0,
0.0,
0.0,
0.0,
0.17580371012507962
]
],
[
[
72834.95588514401,
0.0,
0.0,
0.0,
0.0,
0.0
],
[
0.0,
52854.414098361805,
0.0,
0.0,
0.0,
0.0
],
[
0.0,
0.0,
16154.275337017732,
0.0,
0.0,
0.0
],
[
0.0,
0.0,
0.0,
0.01561940590238636,
0.0,
0.0
],
[
0.0,
0.0,
0.0,
0.0,
0.7175032514291839,
0.0
],
[
0.0,
0.0,
0.0,
0.0,
0.0,
0.3323730612677531
]
],
[
[
68209.33632519268,
0.0,
0.0,
0.0,
0.0,
0.0
],
[
0.0,
56047.29326616648,
0.0,
0.0,
0.0,
0.0
],
[
0.0,
0.0,
13784.617003711148,
0.0,
0.0,
0.0
],
[
0.0,
0.0,
0.0,
0.011629893033110567,
0.0,
0.0
],
[
0.0,
0.0,
0.0,
0.0,
0.39815513370726546,
0.0
],
[
0.0,
0.0,
0.0,
0.0,
0.0,
0.43330954705302227
]
],
[
[
68543.91449246653,
0.0,
0.0,
0.0,
0.0,
0.0
],
[
0.0,
57397.83544266976,
0.0,
0.0,
0.0,
0.0
],
[
0.0,
0.0,
16411.16556420101,
0.0,
0.0,
0.0
],
[
0.0,
0.0,
0.0,
0.05661971375485877,
0.0,
0.0
],
[
0.0,
0.0,
0.0,
0.0,
0.17067003038229125,
0.0
],
[
0.0,
0.0,
0.0,
0.0,
0.0,
0.12271563093726663
]
],
[
[
74103.85664869686,
0.0,
0.0,
0.0,
0.0,
0.0
],
[
0.0,
54778.76723839145,
0.0,
0.0,
0.0,
0.0
],
[
0.0,
0.0,
16462.570530885507,
0.0,
0.0,
0.0
],
[
0.0,
0.0,
0.0,
0.14451681238615316,
0.0,
0.0
],
[
0.0,
0.0,
0.0,
0.0,
0.6262597210240836,
0.0
],
[
0.0,
0.0,
0.0,
0.0,
0.0,
0.24692585749556314
]
],
[
[
70023.08752778033,
0.0,
0.0,
0.0,
0.0,
0.0
],
[
0.0,
54424.89430189959,
0.0,
0.0,
0.0,
0.0
],
[
0.0,
0.0,
14263.951696575887,
0.0,
0.0,
0.0
],
[
0.0,
0.0,
0.0,
0.03428567470321356,
0.0,
0.0
],
[
0.0,
0.0,
0.0,
0.0,
0.1512839066923183,
0.0
],
[
0.0,
0.0,
0.0,
0.0,
0.0,
0.5162815758451643
]
]
],
"tPOCA": 300.09312335999505,
"onboardThreatsIds": [
5,
0,
6,
8,
7,
2
],
"tomStates": [
[
-6959272.569843515,
271499.87255425117,
-667456.249207058,
-801.4405511568663,
-2705.733387921926,
6724.589599545184,
201.0,
0.23632022959777957,
7.0
],
[
-6959728.604416701,
271466.99087190744,
-666670.0409195367,
-803.3445396084412,
-2706.156112562898,
6727.738701357687,
201.0,
0.24735178744183745,
6.0
],
[
-6960620.099885644,
271446.14155064104,
-666579.1022188206,
-805.8926149953603,
-2706.505659654312,
6726.324364938742,
201.0,
0.7814727391969934,
5.0
],
[
-6959305.920981706,
271912.58979898144,
-666871.6335073224,
-801.5563800981777,
-2705.5866232719477,
6725.181751417444,
201.0,
0.19066437845250012,
2.0
]
],
"aClose": 1.9546231621190935,
"pLethalOnboard": [
0.016067379899380185,
0.013741258447462702,
0.0091604203091756,
0.03067393190461151,
0.0011492596346499855,
0.0360404070106673,
0.011921930124304037,
0.024198153083078024,
0.0005671210338721384
],
"thtRadius": 18619.187839987844,
"tomIds": [
7,
6,
5,
2
],
"tomCov": [
[
[
42115.88692797147,
0.0,
0.0,
0.0,
0.0,
0.0
],
[
0.0,
17203.64192187956,
0.0,
0.0,
0.0,
0.0
],
[
0.0,
0.0,
52671.26798894459,
0.0,
0.0,
0.0
],
[
0.0,
0.0,
0.0,
0.4519420798772004,
0.0,
0.0
],
[
0.0,
0.0,
0.0,
0.0,
0.03801026574275604,
0.0
],
[
0.0,
0.0,
0.0,
0.0,
0.0,
3.492200897851682
]
],
[
[
160536.29050179897,
0.0,
0.0,
0.0,
0.0,
0.0
],
[
0.0,
34653.4952071832,
0.0,
0.0,
0.0,
0.0
],
[
0.0,
0.0,
10313.2634291231,
0.0,
0.0,
0.0
],
[
0.0,
0.0,
0.0,
0.00649137339272336,
0.0,
0.0
],
[
0.0,
0.0,
0.0,
0.0,
0.04020570706104756,
0.0
],
[
0.0,
0.0,
0.0,
0.0,
0.0,
3.236507861028922
]
],
[
[
441851.06437548273,
0.0,
0.0,
0.0,
0.0,
0.0
],
[
0.0,
66100.15159972488,
0.0,
0.0,
0.0,
0.0
],
[
0.0,
0.0,
61344.58129932209,
0.0,
0.0,
0.0
],
[
0.0,
0.0,
0.0,
0.5691349477455089,
0.0,
0.0
],
[
0.0,
0.0,
0.0,
0.0,
0.0850592690871068,
0.0
],
[
0.0,
0.0,
0.0,
0.0,
0.0,
2.7936679206233253
]
],
[
[
109290.83677119,
0.0,
0.0,
0.0,
0.0,
0.0
],
[
0.0,
261917.61318401713,
0.0,
0.0,
0.0,
0.0
],
[
0.0,
0.0,
46834.04191028285,
0.0,
0.0,
0.0
],
[
0.0,
0.0,
0.0,
0.006537750012057757,
0.0,
0.0
],
[
0.0,
0.0,
0.0,
0.0,
0.03460262208337143,
0.0
],
[
0.0,
0.0,
0.0,
0.0,
0.0,
3.1610609800680685
]
]
],
"tCurr": 241.0,
"threatStates": [
[
-6985087.512762488,
162608.00646543663,
-397737.86115901807,
-479.02118396968905,
-2717.2781610088605,
6747.75786449813,
241.0
],
[
-6984655.751432142,
162453.75986068742,
-396955.17942556745,
-477.12517376418805,
-2717.91069988077,
6750.949432145936,
241.0
],
[
-6984544.77836752,
162950.57109018273,
-397612.2489073913,
-476.6718672726866,
-2715.8958387399293,
6748.284415721915,
241.0
],
[
-6984948.424765707,
162345.31808853272,
-397604.49222573737,
-478.4114220031825,
-2718.3456914044928,
6748.304185382003,
241.0
],
[
-6984265.077645331,
163463.88658375546,
-397223.1730121284,
-475.45520961290845,
-2713.818001609524,
6749.872004638663,
241.0
],
[
-6985727.067812955,
162698.1202663335,
-397301.5124256932,
-481.7774578455506,
-2716.9051780177506,
6749.509064749592,
241.0
],
[
-6984969.453927331,
162807.38658350773,
-396991.84800715727,
-478.48903789062933,
-2716.4722308917385,
6750.790041738671,
241.0
],
[
-6984656.032838317,
162912.28377591172,
-397778.15602335415,
-477.15829364805245,
-2716.049424940765,
6747.6073880762115,
241.0
],
[
-6985127.709191098,
162995.43814170914,
-397634.514576794,
-479.1969213182221,
-2715.706320212874,
6748.175513325663,
241.0
]
],
"cvState": [
-6984565.852775706,
-357163.8998886724,
1561.7538809298642,
-475.1321327477676,
6072.22686316524,
6.3287688213886595,
241.0
],
"cvFuel": 390.14978049667553,
"pLethalGround": [
0.18651284055132247,
0.20681817587542978,
0.19066437845250012,
0.3140008404536751,
0.1866425632186607,
0.7814727391969934,
0.24735178744183745,
0.23632022959777957,
0.2135155096715973
],
"rPOCA": [
-6998927.281866191,
2056.0536261978305,
1933.4954740584892
],
"tankID": 3,
"tFinal": 301.0,
"rvID": 5,
"vClose": 11103.190222910342,
"onboardThreats": [
[
-6985454.926664625,
162462.71406943267,
-397180.87048246403,
-482.19991742447587,
-2717.850642661613,
6749.928354279779,
241.0,
0.0360404070106673,
5.0
],
[
-6984817.633241433,
162378.10558658149,
-397610.76168877125,
-479.1461615912954,
-2718.125216645421,
6748.334382547517,
241.0,
0.016067379899380185,
0.0
],
[
-6984708.28475548,
162570.64348800931,
-396874.44009854924,
-478.5968798724041,
-2717.103226243312,
6751.4483042600505,
241.0,
0.011921930124304037,
6.0
],
[
-6984865.900263648,
162755.85968808137,
-397506.40850525873,
-479.4348702912286,
-2716.1194425075787,
6748.52582123442,
241.0,
0.0005671210338721384,
8.0
],
[
-6984383.812602756,
162678.23513302227,
-397649.84947429725,
-477.5384473174891,
-2716.840790672285,
6748.104304424801,
241.0,
0.024198153083078024,
7.0
],
[
-6984280.1596086845,
162717.27965377347,
-397492.8171205982,
-476.8570311857561,
-2716.2847910592336,
6749.002943088022,
241.0,
0.0091604203091756,
2.0
]
]
}
}